phase,total_bets,total_wins,win_rate
follicular,15,9,0.6
luteal,14,12,0.8571428571428571
menstrual,17,8,0.47058823529411764
ovulatory,13,6,0.46153846153846156
