trap_type,count,avg_diff,max_diff,avg_probability
DEMON,131,13.031297709923665,47.5,0.7993740458015267
GOBLIN,46,-4.0260869565217385,-6.600000000000001,0.621521739130435
